year,optimistic_%,base_%,pessimistic_%
2025,67.15571428571366,51.658241758241275,36.16076923076889
2026,73.7323809523804,56.717216117215685,39.702051282050974
2027,76.40904761904713,58.776190476190095,41.14333333333306
